{
  "159.223.140.107": {
    "country": "United States",
    "countryCode": "US",
    "region": "New Jersey",
    "city": "North Bergen",
    "lat": 40.7964,
    "lon": -74.0203,
    "isp": "DigitalOcean, LLC",
    "org": "DigitalOcean, LLC"
  },
  "162.142.125.206": {
    "country": "United States",
    "countryCode": "US",
    "region": "Michigan",
    "city": "Ann Arbor",
    "lat": 42.2809,
    "lon": -83.7489,
    "isp": "Censys, Inc.",
    "org": "Censys Inc"
  },
  "203.121.106.56": {
    "country": "Malaysia",
    "countryCode": "MY",
    "region": "Kuala Lumpur",
    "city": "Kuala Lumpur",
    "lat": 3.1831,
    "lon": 101.6706,
    "isp": "TTDOTCOM",
    "org": ""
  },
  "2.57.122.177": {
    "country": "The Netherlands",
    "countryCode": "NL",
    "region": "North Holland",
    "city": "Amsterdam",
    "lat": 52.3676,
    "lon": 4.90414,
    "isp": "Unmanaged LTD",
    "org": "Techoff SRV Limited"
  },
  "92.118.39.95": {
    "country": "United States",
    "countryCode": "US",
    "region": "Texas",
    "city": "Dallas",
    "lat": 32.7797,
    "lon": -96.8022,
    "isp": "Unmanaged LTD",
    "org": "Pptechnology Limited"
  },
  "205.210.31.206": {
    "country": "United States",
    "countryCode": "US",
    "region": "California",
    "city": "Santa Clara",
    "lat": 37.3835,
    "lon": -121.983,
    "isp": "Google LLC",
    "org": "Palo Alto Networks, Inc"
  },
  "167.99.210.70": {
    "country": "The Netherlands",
    "countryCode": "NL",
    "region": "North Holland",
    "city": "Amsterdam",
    "lat": 52.352,
    "lon": 4.9392,
    "isp": "DigitalOcean, LLC",
    "org": "DigitalOcean, LLC"
  },
  "134.209.207.145": {
    "country": "The Netherlands",
    "countryCode": "NL",
    "region": "North Holland",
    "city": "Amsterdam",
    "lat": 52.352,
    "lon": 4.9392,
    "isp": "DigitalOcean, LLC",
    "org": "DigitalOcean, LLC"
  },
  "185.144.27.63": {
    "country": "France",
    "countryCode": "FR",
    "region": "\u00cele-de-France",
    "city": "Paris",
    "lat": 48.8558,
    "lon": 2.3494,
    "isp": "Vem",
    "org": ""
  },
  "195.178.110.30": {
    "country": "Andorra",
    "countryCode": "AD",
    "region": "Andorra la Vella",
    "city": "Andorra la Vella",
    "lat": 42.5063,
    "lon": 1.52184,
    "isp": "Techoff SRV Limited",
    "org": "Techoff SRV Limited"
  },
  "45.192.184.50": {
    "country": "Hong Kong",
    "countryCode": "HK",
    "region": "Kowloon",
    "city": "Hong Kong",
    "lat": 22.3193,
    "lon": 114.169,
    "isp": "Changlian Network Technology co",
    "org": "Changlian Network Technology co Limited"
  },
  "139.19.117.197": {
    "country": "Germany",
    "countryCode": "DE",
    "region": "Saarland",
    "city": "Saarbr\u00fccken",
    "lat": 49.2481,
    "lon": 6.9979,
    "isp": "Verein zur Foerderung eines Deutschen Forschungsnetzes e.V.",
    "org": "Mpii NET 117 Inet"
  },
  "60.216.37.11": {
    "country": "China",
    "countryCode": "CN",
    "region": "Shandong",
    "city": "Jinan",
    "lat": 36.6683,
    "lon": 116.9972,
    "isp": "CNC Group CHINA169 Shandong Province Network",
    "org": ""
  },
  "101.187.203.166": {
    "country": "Australia",
    "countryCode": "AU",
    "region": "New South Wales",
    "city": "Sydney",
    "lat": -33.8726,
    "lon": 151.0387,
    "isp": "Telstra Limited",
    "org": "Telstra Corporation"
  },
  "204.111.121.226": {
    "country": "United States",
    "countryCode": "US",
    "region": "Virginia",
    "city": "Harrisonburg",
    "lat": 38.446,
    "lon": -78.8698,
    "isp": "Shenandoah Cable Television LLC",
    "org": "Shenandoah Cable Television LLC"
  },
  "167.99.208.96": {
    "country": "The Netherlands",
    "countryCode": "NL",
    "region": "North Holland",
    "city": "Amsterdam",
    "lat": 52.352,
    "lon": 4.9392,
    "isp": "DigitalOcean, LLC",
    "org": "DigitalOcean, LLC"
  },
  "85.227.86.238": {
    "country": "Sweden",
    "countryCode": "SE",
    "region": "Halland County",
    "city": "Halmstad",
    "lat": 56.6732,
    "lon": 12.8598,
    "isp": "Bredbandsbolaget",
    "org": "B2 Bredband AB"
  },
  "80.94.92.168": {
    "country": "The Netherlands",
    "countryCode": "NL",
    "region": "North Holland",
    "city": "Amsterdam",
    "lat": 52.3676,
    "lon": 4.90414,
    "isp": "Unmanaged LTD",
    "org": "Techoff SRV Limited"
  },
  "194.165.16.167": {
    "country": "Lithuania",
    "countryCode": "LT",
    "region": "Kaunas",
    "city": "Kaunas",
    "lat": 54.9206,
    "lon": 23.9497,
    "isp": "Flyservers S.A.",
    "org": "Flyservers S.A"
  },
  "2.57.122.208": {
    "country": "The Netherlands",
    "countryCode": "NL",
    "region": "North Holland",
    "city": "Amsterdam",
    "lat": 52.3676,
    "lon": 4.90414,
    "isp": "Unmanaged LTD",
    "org": "Techoff SRV Limited"
  },
  "81.172.237.143": {
    "country": "The Netherlands",
    "countryCode": "NL",
    "region": "Utrecht",
    "city": "Tienhoven",
    "lat": 52.1506,
    "lon": 5.0855,
    "isp": "DELTA Fiber Nederland B.V.",
    "org": "DELTA Fiber Nederland B.V"
  },
  "188.166.127.49": {
    "country": "The Netherlands",
    "countryCode": "NL",
    "region": "North Holland",
    "city": "Amsterdam",
    "lat": 52.352,
    "lon": 4.9392,
    "isp": "DigitalOcean, LLC",
    "org": "Digital Ocean"
  },
  "60.204.153.115": {
    "country": "China",
    "countryCode": "CN",
    "region": "Shanghai",
    "city": "Shanghai",
    "lat": 31.2304,
    "lon": 121.4737,
    "isp": "Huawei Cloud Service data center",
    "org": "Huawei Cloud Service"
  },
  "50.17.112.143": {
    "country": "United States",
    "countryCode": "US",
    "region": "Virginia",
    "city": "Ashburn",
    "lat": 39.0438,
    "lon": -77.4874,
    "isp": "Amazon.com",
    "org": "AWS EC2 (us-east-1)"
  },
  "80.94.95.221": {
    "country": "Hungary",
    "countryCode": "HU",
    "region": "Budapest",
    "city": "Budapest",
    "lat": 47.4979,
    "lon": 19.0402,
    "isp": "SS-Net",
    "org": "Unmanaged LTD"
  },
  "213.209.159.158": {
    "country": "Germany",
    "countryCode": "DE",
    "region": "Bavaria",
    "city": "Augsburg",
    "lat": 48.3459,
    "lon": 10.9161,
    "isp": "Feo Prest SRL",
    "org": "Feo Prest SRL"
  },
  "146.190.241.70": {
    "country": "Canada",
    "countryCode": "CA",
    "region": "Ontario",
    "city": "Toronto",
    "lat": 43.709,
    "lon": -79.4057,
    "isp": "DigitalOcean, LLC",
    "org": "DigitalOcean, LLC"
  },
  "221.158.45.51": {
    "country": "South Korea",
    "countryCode": "KR",
    "region": "Chungcheongnam-do",
    "city": "Gongju",
    "lat": 36.4777,
    "lon": 127.1311,
    "isp": "Korea Telecom",
    "org": ""
  },
  "183.162.210.166": {
    "country": "China",
    "countryCode": "CN",
    "region": "Anhui",
    "city": "Hefei",
    "lat": 31.8616,
    "lon": 117.286,
    "isp": "Chinanet",
    "org": "Chinanet AH"
  },
  "220.170.52.145": {
    "country": "China",
    "countryCode": "CN",
    "region": "Hunan",
    "city": "Hengyang",
    "lat": 26.891,
    "lon": 112.6145,
    "isp": "Chinanet",
    "org": ""
  },
  "80.94.92.183": {
    "country": "The Netherlands",
    "countryCode": "NL",
    "region": "North Holland",
    "city": "Amsterdam",
    "lat": 52.3676,
    "lon": 4.90414,
    "isp": "Unmanaged LTD",
    "org": "Techoff SRV Limited"
  },
  "43.228.142.187": {
    "country": "India",
    "countryCode": "IN",
    "region": "National Capital Territory of Delhi",
    "city": "New Delhi",
    "lat": 28.6327,
    "lon": 77.2198,
    "isp": "Weebo networks Pvt Ltd",
    "org": "Weebo networks Pvt Ltd"
  },
  "92.118.39.62": {
    "country": "United States",
    "countryCode": "US",
    "region": "Texas",
    "city": "Dallas",
    "lat": 32.7797,
    "lon": -96.8022,
    "isp": "Unmanaged LTD",
    "org": "Pptechnology Limited"
  },
  "104.248.85.128": {
    "country": "The Netherlands",
    "countryCode": "NL",
    "region": "North Holland",
    "city": "Amsterdam",
    "lat": 52.352,
    "lon": 4.9392,
    "isp": "DigitalOcean, LLC",
    "org": "DigitalOcean, LLC"
  },
  "134.209.203.137": {
    "country": "The Netherlands",
    "countryCode": "NL",
    "region": "North Holland",
    "city": "Amsterdam",
    "lat": 52.352,
    "lon": 4.9392,
    "isp": "DigitalOcean, LLC",
    "org": "DigitalOcean, LLC"
  },
  "167.71.76.178": {
    "country": "The Netherlands",
    "countryCode": "NL",
    "region": "North Holland",
    "city": "Amsterdam",
    "lat": 52.352,
    "lon": 4.9392,
    "isp": "DigitalOcean, LLC",
    "org": "DigitalOcean, LLC"
  },
  "161.35.87.167": {
    "country": "The Netherlands",
    "countryCode": "NL",
    "region": "North Holland",
    "city": "Amsterdam",
    "lat": 52.352,
    "lon": 4.9392,
    "isp": "DigitalOcean, LLC",
    "org": "DigitalOcean, LLC"
  },
  "174.138.6.76": {
    "country": "The Netherlands",
    "countryCode": "NL",
    "region": "North Holland",
    "city": "Amsterdam",
    "lat": 52.352,
    "lon": 4.9392,
    "isp": "DigitalOcean, LLC",
    "org": "DigitalOcean, LLC"
  },
  "188.130.180.61": {
    "country": "Moldova",
    "countryCode": "MD",
    "region": "Drochia",
    "city": "Drochia",
    "lat": 48.035,
    "lon": 27.8161,
    "isp": "Societatea Comerciala Click-COM SRL",
    "org": "SC \"CLICK-COM\" S.R.L"
  },
  "92.118.39.87": {
    "country": "United States",
    "countryCode": "US",
    "region": "Texas",
    "city": "Dallas",
    "lat": 32.7797,
    "lon": -96.8022,
    "isp": "Unmanaged LTD",
    "org": "Pptechnology Limited"
  },
  "45.227.254.10": {
    "country": "Lithuania",
    "countryCode": "LT",
    "region": "Vilnius",
    "city": "Vilnius",
    "lat": 54.6916,
    "lon": 25.2874,
    "isp": "Flyservers S.A.",
    "org": "Xwin Universal LTD"
  },
  "104.248.84.130": {
    "country": "The Netherlands",
    "countryCode": "NL",
    "region": "North Holland",
    "city": "Amsterdam",
    "lat": 52.352,
    "lon": 4.9392,
    "isp": "DigitalOcean, LLC",
    "org": "DigitalOcean, LLC"
  },
  "174.138.0.114": {
    "country": "The Netherlands",
    "countryCode": "NL",
    "region": "North Holland",
    "city": "Amsterdam",
    "lat": 52.352,
    "lon": 4.9392,
    "isp": "DigitalOcean, LLC",
    "org": "DigitalOcean, LLC"
  },
  "101.206.107.244": {
    "country": "China",
    "countryCode": "CN",
    "region": "Sichuan",
    "city": "Chengdu",
    "lat": 30.5723,
    "lon": 104.067,
    "isp": "China Unicom Sichuan Province Network",
    "org": ""
  },
  "127.0.0.1": {
    "country": "Unknown",
    "countryCode": "",
    "region": "",
    "city": "",
    "lat": 0,
    "lon": 0,
    "isp": "Unknown",
    "org": ""
  }
}